{
    "prepare_queue": {
        "installed": [],
        "uninstalled": []
    },
    "config_munge": {
        "files": {
            "config.xml": {
                "parents": {
                    "/*": [
                        {
                            "xml": "<feature name=\"TTS\"><param name=\"android-package\" value=\"com.wordsbaking.cordova.tts.TTS\" /><param name=\"onload\" value=\"true\" /></feature>",
                            "count": 1
                        }
                    ]
                }
            },
            "res/xml/config.xml": {
                "parents": {
                    "/*": [
                        {
                            "xml": "<feature name=\"SpeechRecognition\"><param name=\"android-package\" value=\"com.pbakondy.SpeechRecognition\" /></feature>",
                            "count": 1
                        },
                        {
                            "xml": "<feature name=\"HotSpotPlugin\"><param name=\"android-package\" value=\"de.martinreinhardt.cordova.plugins.hotspot.HotSpotPlugin\" /></feature>",
                            "count": 1
                        },
                        {
                            "xml": "<feature name=\"Geolocation\"><param name=\"android-package\" value=\"org.apache.cordova.geolocation.Geolocation\" /></feature>",
                            "count": 1
                        },
                        {
                            "xml": "<feature name=\"NativeGeocoder\"><param name=\"android-package\" value=\"cordova.plugin.nativegeocoder.NativeGeocoder\" /></feature>",
                            "count": 1
                        },
                        {
                            "xml": "<feature name=\"Battery\"><param name=\"android-package\" value=\"org.apache.cordova.batterystatus.BatteryListener\" /></feature>",
                            "count": 1
                        }
                    ]
                }
            },
            "AndroidManifest.xml": {
                "parents": {
                    "/*": [
                        {
                            "xml": "<uses-permission android:name=\"android.permission.RECORD_AUDIO\" />",
                            "count": 1
                        },
                        {
                            "xml": "<uses-permission android:name=\"android.permission.WRITE_EXTERNAL_STORAGE\" />",
                            "count": 1
                        },
                        {
                            "xml": "<uses-permission android:name=\"android.permission.READ_EXTERNAL_STORAGE\" />",
                            "count": 1
                        },
                        {
                            "xml": "<uses-permission android:name=\"android.permission.ACCESS_WIFI_STATE\" />",
                            "count": 1
                        },
                        {
                            "xml": "<uses-permission android:name=\"android.permission.ACCESS_FINE_LOCATION\" />",
                            "count": 2
                        },
                        {
                            "xml": "<uses-permission android:name=\"android.permission.ACCESS_NETWORK_STATE\" />",
                            "count": 2
                        },
                        {
                            "xml": "<uses-permission android:name=\"android.permission.CHANGE_WIFI_STATE\" />",
                            "count": 1
                        },
                        {
                            "xml": "<uses-permission android:name=\"android.permission.CHANGE_NETWORK_STATE\" />",
                            "count": 1
                        },
                        {
                            "xml": "<uses-permission android:name=\"android.permission.INTERNET\" />",
                            "count": 2
                        },
                        {
                            "xml": "<uses-permission android:name=\"android.permission.ACCESS_COARSE_LOCATION\" />",
                            "count": 1
                        },
                        {
                            "xml": "<uses-feature android:name=\"android.hardware.location.gps\" />",
                            "count": 1
                        }
                    ],
                    "application/activity": [
                        {
                            "xml": "<intent-filter><action android:name=\"android.net.conn.CONNECTIVITY_CHANGE\" /></intent-filter>",
                            "count": 1
                        }
                    ]
                }
            }
        }
    },
    "installed_plugins": {
        "cordova-plugin-tts": {
            "PACKAGE_NAME": "io.ionic.starter"
        },
        "cordova-plugin-speechrecognition": {
            "PACKAGE_NAME": "io.ionic.starter"
        },
        "cordova-plugin-compat": {
            "PACKAGE_NAME": "io.ionic.starter"
        },
        "cordova-plugin-hotspot": {
            "PACKAGE_NAME": "io.ionic.starter"
        },
        "cordova-plugin-geolocation": {
            "PACKAGE_NAME": "io.ionic.starter"
        },
        "cordova-plugin-nativegeocoder": {
            "PACKAGE_NAME": "io.ionic.starter"
        },
        "cordova-plugin-battery-status": {
            "PACKAGE_NAME": "io.ionic.starter"
        }
    },
    "dependent_plugins": {},
    "modules": [
        {
            "id": "cordova-plugin-tts.tts",
            "file": "plugins/cordova-plugin-tts/www/tts.js",
            "pluginId": "cordova-plugin-tts",
            "clobbers": [
                "TTS"
            ]
        },
        {
            "id": "cordova-plugin-speechrecognition.SpeechRecognition",
            "file": "plugins/cordova-plugin-speechrecognition/www/speechRecognition.js",
            "pluginId": "cordova-plugin-speechrecognition",
            "merges": [
                "window.plugins.speechRecognition"
            ]
        },
        {
            "id": "cordova-plugin-hotspot.HotSpotPlugin",
            "file": "plugins/cordova-plugin-hotspot/www/HotSpotPlugin.js",
            "pluginId": "cordova-plugin-hotspot",
            "clobbers": [
                "cordova.plugins.hotspot"
            ]
        },
        {
            "id": "cordova-plugin-geolocation.geolocation",
            "file": "plugins/cordova-plugin-geolocation/www/android/geolocation.js",
            "pluginId": "cordova-plugin-geolocation",
            "clobbers": [
                "navigator.geolocation"
            ]
        },
        {
            "id": "cordova-plugin-geolocation.PositionError",
            "file": "plugins/cordova-plugin-geolocation/www/PositionError.js",
            "pluginId": "cordova-plugin-geolocation",
            "runs": true
        },
        {
            "id": "cordova-plugin-nativegeocoder.NativeGeocoder",
            "file": "plugins/cordova-plugin-nativegeocoder/www/NativeGeocoder.js",
            "pluginId": "cordova-plugin-nativegeocoder",
            "clobbers": [
                "nativegeocoder"
            ]
        },
        {
            "id": "cordova-plugin-battery-status.battery",
            "file": "plugins/cordova-plugin-battery-status/www/battery.js",
            "pluginId": "cordova-plugin-battery-status",
            "clobbers": [
                "navigator.battery"
            ]
        }
    ],
    "plugin_metadata": {
        "cordova-plugin-tts": "0.2.3",
        "cordova-plugin-speechrecognition": "1.1.2",
        "cordova-plugin-compat": "1.2.0",
        "cordova-plugin-hotspot": "1.2.10",
        "cordova-plugin-geolocation": "2.4.3",
        "cordova-plugin-nativegeocoder": "3.1.2",
        "cordova-plugin-battery-status": "2.0.2"
    }
}